<?xml version="1.0" encoding="UTF-8"?>
<definitions xmlns="http://www.omg.org/spec/BPMN/20100524/MODEL" xmlns:xsi="http://www.w3.org/2001/XMLSchema-instance" xmlns:xsd="http://www.w3.org/2001/XMLSchema" xmlns:flowable="http://flowable.org/bpmn" xmlns:bpmndi="http://www.omg.org/spec/BPMN/20100524/DI" xmlns:omgdc="http://www.omg.org/spec/DD/20100524/DC" xmlns:omgdi="http://www.omg.org/spec/DD/20100524/DI" typeLanguage="http://www.w3.org/2001/XMLSchema" expressionLanguage="http://www.w3.org/1999/XPath" targetNamespace="http://www.flowable.org/processdef">
  <process id="leave_approval" name="请假审批" isExecutable="true">
    <startEvent id="startEvent1" name="开始" flowable:formFieldValidation="true"></startEvent>
    <userTask id="sid-949C29CD-F04C-42EE-9017-3CC2CD713327" name="学生" flowable:formFieldValidation="true"></userTask>
    <sequenceFlow id="sid-61CF44BB-6DF6-420D-A431-69C1785F63FD" sourceRef="startEvent1" targetRef="sid-949C29CD-F04C-42EE-9017-3CC2CD713327"></sequenceFlow>
    <userTask id="sid-A115EA4A-28DF-4C63-ABC9-D5227292FB76" name="老师" flowable:formFieldValidation="true"></userTask>
    <exclusiveGateway id="sid-8FE140B0-6AF1-418E-B717-0B4719DDA6EF"></exclusiveGateway>
    <userTask id="sid-BB25A3DE-4241-46C1-8428-03697DF64A15" name="校长" flowable:formFieldValidation="true"></userTask>
    <exclusiveGateway id="sid-A4129414-A3F5-41EB-939C-42CCA7014EAB"></exclusiveGateway>
    <endEvent id="sid-28434BDE-D856-4454-9709-DEFC6FDF6192" name="结束"></endEvent>
    <sequenceFlow id="sid-746CD4B6-CEFB-492F-9BB5-0DEE26830255" name="同意" sourceRef="sid-8FE140B0-6AF1-418E-B717-0B4719DDA6EF" targetRef="sid-BB25A3DE-4241-46C1-8428-03697DF64A15"></sequenceFlow>
    <sequenceFlow id="sid-0F000FB0-A58A-4C56-9EF6-C7053B54F337" name="请假" sourceRef="sid-949C29CD-F04C-42EE-9017-3CC2CD713327" targetRef="sid-A115EA4A-28DF-4C63-ABC9-D5227292FB76"></sequenceFlow>
    <sequenceFlow id="sid-33865FCD-4A9F-4E16-BE5F-FD0296249ED6" name="审批" sourceRef="sid-A115EA4A-28DF-4C63-ABC9-D5227292FB76" targetRef="sid-8FE140B0-6AF1-418E-B717-0B4719DDA6EF"></sequenceFlow>
    <sequenceFlow id="sid-D29B861A-8A7C-4D12-B87B-E183DB5A3FA2" name="审批" sourceRef="sid-BB25A3DE-4241-46C1-8428-03697DF64A15" targetRef="sid-A4129414-A3F5-41EB-939C-42CCA7014EAB"></sequenceFlow>
    <sequenceFlow id="sid-BC7F5E64-AF3D-469A-8726-CF52C3A3F525" name="同意" sourceRef="sid-A4129414-A3F5-41EB-939C-42CCA7014EAB" targetRef="sid-28434BDE-D856-4454-9709-DEFC6FDF6192"></sequenceFlow>
    <sequenceFlow id="sid-F0EC276A-3DB4-4EB2-B7B8-C46969F99B1D" name="拒绝">
      <extensionElements>
        <EDITOR_RESOURCEID><![CDATA[sid-F0EC276A-3DB4-4EB2-B7B8-C46969F99B1D]]></EDITOR_RESOURCEID>
      </extensionElements>
    </sequenceFlow>
    <sequenceFlow id="sid-2D30BEAD-CEB5-4E85-AD06-37B7D3429487" name="拒绝" sourceRef="sid-8FE140B0-6AF1-418E-B717-0B4719DDA6EF" targetRef="sid-949C29CD-F04C-42EE-9017-3CC2CD713327"></sequenceFlow>
  </process>
  <bpmndi:BPMNDiagram id="BPMNDiagram_leave_approval">
    <bpmndi:BPMNPlane bpmnElement="leave_approval" id="BPMNPlane_leave_approval">
      <bpmndi:BPMNShape bpmnElement="startEvent1" id="BPMNShape_startEvent1">
        <omgdc:Bounds height="30.0" width="30.0" x="100.0" y="163.0"></omgdc:Bounds>
      </bpmndi:BPMNShape>
      <bpmndi:BPMNShape bpmnElement="sid-949C29CD-F04C-42EE-9017-3CC2CD713327" id="BPMNShape_sid-949C29CD-F04C-42EE-9017-3CC2CD713327">
        <omgdc:Bounds height="80.0" width="100.0" x="175.0" y="138.0"></omgdc:Bounds>
      </bpmndi:BPMNShape>
      <bpmndi:BPMNShape bpmnElement="sid-A115EA4A-28DF-4C63-ABC9-D5227292FB76" id="BPMNShape_sid-A115EA4A-28DF-4C63-ABC9-D5227292FB76">
        <omgdc:Bounds height="80.0" width="100.0" x="320.0" y="138.0"></omgdc:Bounds>
      </bpmndi:BPMNShape>
      <bpmndi:BPMNShape bpmnElement="sid-8FE140B0-6AF1-418E-B717-0B4719DDA6EF" id="BPMNShape_sid-8FE140B0-6AF1-418E-B717-0B4719DDA6EF">
        <omgdc:Bounds height="40.0" width="40.0" x="465.0" y="158.0"></omgdc:Bounds>
      </bpmndi:BPMNShape>
      <bpmndi:BPMNShape bpmnElement="sid-BB25A3DE-4241-46C1-8428-03697DF64A15" id="BPMNShape_sid-BB25A3DE-4241-46C1-8428-03697DF64A15">
        <omgdc:Bounds height="80.0" width="100.0" x="550.0" y="138.0"></omgdc:Bounds>
      </bpmndi:BPMNShape>
      <bpmndi:BPMNShape bpmnElement="sid-A4129414-A3F5-41EB-939C-42CCA7014EAB" id="BPMNShape_sid-A4129414-A3F5-41EB-939C-42CCA7014EAB">
        <omgdc:Bounds height="40.0" width="40.0" x="695.0" y="158.0"></omgdc:Bounds>
      </bpmndi:BPMNShape>
      <bpmndi:BPMNShape bpmnElement="sid-28434BDE-D856-4454-9709-DEFC6FDF6192" id="BPMNShape_sid-28434BDE-D856-4454-9709-DEFC6FDF6192">
        <omgdc:Bounds height="28.0" width="28.0" x="780.0" y="164.0"></omgdc:Bounds>
      </bpmndi:BPMNShape>
      <bpmndi:BPMNEdge bpmnElement="sid-0F000FB0-A58A-4C56-9EF6-C7053B54F337" id="BPMNEdge_sid-0F000FB0-A58A-4C56-9EF6-C7053B54F337">
        <omgdi:waypoint x="274.9499999999907" y="178.0"></omgdi:waypoint>
        <omgdi:waypoint x="319.9999999999807" y="178.0"></omgdi:waypoint>
      </bpmndi:BPMNEdge>
      <bpmndi:BPMNEdge bpmnElement="sid-BC7F5E64-AF3D-469A-8726-CF52C3A3F525" id="BPMNEdge_sid-BC7F5E64-AF3D-469A-8726-CF52C3A3F525">
        <omgdi:waypoint x="734.5591869398207" y="178.3782051282051"></omgdi:waypoint>
        <omgdi:waypoint x="780.0002755524838" y="178.08885188426407"></omgdi:waypoint>
      </bpmndi:BPMNEdge>
      <bpmndi:BPMNEdge bpmnElement="sid-2D30BEAD-CEB5-4E85-AD06-37B7D3429487" id="BPMNEdge_sid-2D30BEAD-CEB5-4E85-AD06-37B7D3429487">
        <omgdi:waypoint x="485.5" y="197.43809673366837"></omgdi:waypoint>
        <omgdi:waypoint x="485.5" y="258.0"></omgdi:waypoint>
        <omgdi:waypoint x="225.0" y="258.0"></omgdi:waypoint>
        <omgdi:waypoint x="225.0" y="217.95000000000002"></omgdi:waypoint>
      </bpmndi:BPMNEdge>
      <bpmndi:BPMNEdge bpmnElement="sid-61CF44BB-6DF6-420D-A431-69C1785F63FD" id="BPMNEdge_sid-61CF44BB-6DF6-420D-A431-69C1785F63FD">
        <omgdi:waypoint x="129.9499984899576" y="178.0"></omgdi:waypoint>
        <omgdi:waypoint x="174.9999999999917" y="178.0"></omgdi:waypoint>
      </bpmndi:BPMNEdge>
      <bpmndi:BPMNEdge bpmnElement="sid-746CD4B6-CEFB-492F-9BB5-0DEE26830255" id="BPMNEdge_sid-746CD4B6-CEFB-492F-9BB5-0DEE26830255">
        <omgdi:waypoint x="504.5247370727428" y="178.41666666666663"></omgdi:waypoint>
        <omgdi:waypoint x="549.9999999999953" y="178.21812227074236"></omgdi:waypoint>
      </bpmndi:BPMNEdge>
      <bpmndi:BPMNEdge bpmnElement="sid-33865FCD-4A9F-4E16-BE5F-FD0296249ED6" id="BPMNEdge_sid-33865FCD-4A9F-4E16-BE5F-FD0296249ED6">
        <omgdi:waypoint x="419.94999999999806" y="178.21623376623378"></omgdi:waypoint>
        <omgdi:waypoint x="465.4130434782609" y="178.4130434782609"></omgdi:waypoint>
      </bpmndi:BPMNEdge>
      <bpmndi:BPMNEdge bpmnElement="sid-D29B861A-8A7C-4D12-B87B-E183DB5A3FA2" id="BPMNEdge_sid-D29B861A-8A7C-4D12-B87B-E183DB5A3FA2">
        <omgdi:waypoint x="649.9499999999977" y="178.21623376623376"></omgdi:waypoint>
        <omgdi:waypoint x="695.4130434782554" y="178.41304347826085"></omgdi:waypoint>
      </bpmndi:BPMNEdge>
    </bpmndi:BPMNPlane>
  </bpmndi:BPMNDiagram>
</definitions>